{
  "_clientScript": [],
  "_serverScript": [],
  "actorGirlName": "asset/Actor/charactor/charactor_girl/character_girl.actor",
  "actorName": "asset/Actor/charactor/charactor_boy/character_boy.actor",
  "aiFixSpeedRate": 2,
  "attackNpc": false,
  "autoAttack": true,
  "autoMove": false,
  "autoRotateColliderBox": true,
  "avoidCliff": true,
  "avoidCliffHight": 5,
  "canClick": false,
  "canHurtMove": true,
  "canJump": true,
  "canMove": true,
  "canPickOnDie": false,
  "canTurnHead": false,
  "castRealShadowAtFirstPRV": false,
  "chaseDistance": 5,
  "chaseInterval": 10,
  "checkPartTouchEvent": true,
  "clickDistance": 4,
  "collider": {
    "extent": {
      "x": 0.6,
      "y": 1.8,
      "z": 0.6
    },
    "offset": {
      "x": 0.0,
      "y": 0.0,
      "z": 0.0
    },
    "rotation": {
      "x": 0.0,
      "y": 0.0,
      "z": 0.0
    },
    "type": "Box"
  },
  "collision": false,
  "damage": 10,
  "deathHideTime": 20,
  "destroyTime": 0,
  "disableShadow": true,
  "disableShadowAtFirstPRV": true,
  "dropDamageRatio": 0,
  "dropDamageStart": 1.5,
  "enableAI": true,
  "enableMeshNavigate": false,
  "equipTrays": [],
  "eyeHeight": 1.62,
  "followEntityDistanceWhenHasTarget": 10,
  "followEntityDistanceWhenNotTarget": 5,
  "gravity": 0.08,
  "headPic": "@asset/Actor/charactor/charactor_girl/tga/02_suit_girl.tga",
  "hideHolder": false,
  "hideHp": 1,
  "hideName": false,
  "homeSize": 20,
  "hpBarColor": 4294967551.0,
  "hpBarHeight": 0.2,
  "hpBarWidth": 1,
  "hurtResistantTime": 0,
  "isAIGoHomePos": true,
  "isPlayer": false,
  "jumpHeight": 0.6,
  "jumpSpeed": 0.5,
  "maxHp": 20,
  "maxVisualAngle": 360,
  "meetCliffBackRun": true,
  "moveAcc": 0.2,
  "moveFactor": 1,
  "moveSpeed": 0.2,
  "name": "entity_2e9a719c-06b5-4697-b5e7-571193945e88",
  "needCheckTouch": true,
  "nextChaseInterval": 2,
  "randomPlayDeadActions": [
    ""
  ],
  "reachDistance": 6.5,
  "setFollowWhenCreate": true,
  "skillInfoList": [
    {
      "__OBJ_TYPE": "AI_Skill",
      "attackDis": 2,
      "fullName": "myplugin/dfdb1cc0-e413-44fe-ab90-083e8bf7a887",
      "priority": 0
    }
  ],
  "skillInfos": [],
  "stepHeight": 0.6,
  "swimSpeed": 0.2,
  "textHeight": 2.3,
  "unassailable": 0,
  "undamageable": 0,
  "waterline": 0
}