{
  "breakTime": 20,
  "canClick": false,
  "candrop": false,
  "canSwim": false,
  "climbSpeed": 0.0,
  "collisionBoxes": [],
  "dropCount": 1,
  "dropSelf": false,
  "fall": false,
  "isOpaqueFullCube": false,
  "lightOpacity": 0,
  "maxFallSpeed": 1.5,
  "maxSpeed": 500.0,
  "quads": [
    {
      "pos": [
        {
          "x": 0.6,
          "y": 1,
          "z": 0.32
        },
        {
          "x": 0.6,
          "y": 0,
          "z": 0.32
        },
        {
          "x": 0.4,
          "y": 0,
          "z": 0.32
        },
        {
          "x": 0.4,
          "y": 1,
          "z": 0.32
        }
      ],
      "texture": "@asset/Texture/Block/flower_pot.png"
    },
    {
      "pos": [
        {
          "x": 0.53,
          "y": 1,
          "z": 0.6
        },
        {
          "x": 0.53,
          "y": 0,
          "z": 0.6
        },
        {
          "x": 0.53,
          "y": 0,
          "z": 0.2
        },
        {
          "x": 0.53,
          "y": 1,
          "z": 0.2
        }
      ],
      "texture": "@asset/Texture/Block/flower_pot.png"
    },
    {
      "pos": [
        {
          "x": 0.4,
          "y": 1,
          "z": 0.48
        },
        {
          "x": 0.4,
          "y": 0,
          "z": 0.48
        },
        {
          "x": 0.6,
          "y": 0,
          "z": 0.48
        },
        {
          "x": 0.6,
          "y": 1,
          "z": 0.48
        }
      ],
      "texture": "@asset/Texture/Block/flower_pot.png"
    },
    {
      "pos": [
        {
          "x": 0.46,
          "y": 1,
          "z": 0.2
        },
        {
          "x": 0.46,
          "y": 0,
          "z": 0.2
        },
        {
          "x": 0.46,
          "y": 0,
          "z": 0.6
        },
        {
          "x": 0.46,
          "y": 1,
          "z": 0.6
        }
      ],
      "texture": "@asset/Texture/Block/flower_pot.png"
    }
  ],
  "recycle": false,
  "recycleTime": 20,
  "spring": 0,
  "texture": [
    "",
    "",
    "",
    "",
    "",
    ""
  ]
}