{
  "blinn": 0,
  "canBreak": true,
  "hdr": 0,
  "hideCloud": true,
  "scene": [
    {
      "class": "Entity",
      "config": "myplugin/2e9a719c-06b5-4697-b5e7-571193945e88",
      "customProperties": [],
      "properties": {
        "batchType": "Static",
        "id": "8749676365102219265",
        "name": "Musuh",
        "needSync": "true",
        "position": "x:-1.080472946167 y:9.4389972686768 z:-18.70036315918",
        "rotation": "x:0 y:0 z:0",
        "scale": "x:1 y:1 z:1",
        "selectable": "true",
        "useAnchor": "false"
      }
    }
  ],
  "skyBox": [
    {
      "texture": [
        "@asset/Texture/SkyBox/Common2/Sky03_right.png",
        "@asset/Texture/SkyBox/Common2/Sky03_left.png",
        "@asset/Texture/SkyBox/Common2/Sky03_top.png",
        "@asset/Texture/SkyBox/Common2/Sky03_bottom.png",
        "@asset/Texture/SkyBox/Common2/Sky03_back.png",
        "@asset/Texture/SkyBox/Common2/Sky03_front.png"
      ]
    }
  ],
  "skyBoxMode": "static_display",
  "skyBoxRotate": {
    "x": 0,
    "y": 0,
    "z": 0
  },
  "skyBoxTexPixFmt": "RGBA8",
  "skyBoxTexSize": 512,
  "touchPosY": {
    "touchdownPosY": -30.0,
    "touchupPosY": 600
  }
}