{
  "_clientScript": [],
  "_serverScript": [],
  "aiFixSpeedRate": 2,
  "autoMove": false,
  "autoRotateColliderBox": true,
  "avoidCliff": true,
  "avoidCliffHight": 5,
  "backMoveResetOffsetYaw": true,
  "beAttackedFeedback": {
    "fromNpc": true,
    "fromPlayer": true,
    "hideSmooth": true,
    "hideTime": 15
  },
  "canClick": false,
  "canHurtMove": true,
  "canJump": true,
  "canMove": true,
  "canPickOnDie": false,
  "canTurnHead": true,
  "castRealShadowAtFirstPRV": false,
  "checkGroundWhenCollisionMargin": true,
  "checkPartTouchEvent": true,
  "clickDistance": 4,
  "collider": {
    "height": 1.5,
    "offset": {
      "x": 0.0,
      "y": 0.0,
      "z": 0.0
    },
    "radius": 0.5,
    "rotation": {
      "x": 0.0,
      "y": 0.0,
      "z": 0.0
    },
    "type": "Capsule"
  },
  "collision": false,
  "damage": 10,
  "damageViewBobbing": [
    {
      "count": 2,
      "rotate": {
        "x": 0,
        "y": 0,
        "z": 6
      }
    },
    {
      "count": 4,
      "rotate": {
        "x": 0,
        "y": 0,
        "z": 0
      }
    }
  ],
  "deathHideTime": 60,
  "destroyTime": 0,
  "disableShadow": true,
  "disableShadowAtFirstPRV": true,
  "dropDamageRatio": 0,
  "dropDamageStart": 1.5,
  "enableAI": false,
  "enableBackMovementAction": true,
  "enableMeshNavigate": false,
  "equipTrays": [],
  "eyeHeight": 1.62,
  "fallAtSwimming": false,
  "firstPRVActorName": "asset/Actor/charactor/firstPrvActor/firstPrvActor.actor",
  "firstPRVHandBoneName": "s_wuqi",
  "followEntityDistanceWhenHasTarget": 10,
  "followEntityDistanceWhenNotTarget": 5,
  "FollowWhenCreate": true,
  "gravity": 0.08,
  "headPic": "",
  "hideHolder": false,
  "hideHp": 1,
  "hideName": false,
  "homeSize": 10,
  "hpBarColor": 4294967551.0,
  "hpBarHeight": 0.2,
  "hpBarWidth": 1,
  "hurtResistantTime": 0,
  "ignorePlayerSkin": false,
  "isAIGoHomePos": true,
  "isPlayer": true,
  "jumpHeight": 0.6,
  "jumpSpeed": 0.75,
  "maxHp": 100,
  "meetCliffBackRun": true,
  "modelType": "System",
  "moveAcc": 0.2,
  "moveFactor": 1,
  "moveSpeed": 0.2,
  "name": "bbfbdc34-da2f-41ab-aaac-3b2e72f5ef6d",
  "needCheckTouch": true,
  "randomPlayDeadActions": [
    "die_front"
  ],
  "reachDistance": 6.5,
  "setFollowWhenCreate": true,
  "skillInfos": [
    "myplugin/dfdb1cc0-e413-44fe-ab90-083e8bf7a887"
  ],
  "stepHeight": 0.6,
  "swimSpeed": 0.2,
  "textHeight": 2.3,
  "unassailable": 0,
  "undamageable": 0,
  "waterline": 0
}